id,name,text,created_at,tweet_form,is_quote_status,retweet_count,favorite_count,hashtags,user_mention,tweet_source,in_reply_to_status_id,in_reply_to_status_id_str,reply_message,quoted_text,quoted_text_fav_count,quoted_status_user_name,quoted_status_user_screen_name,quoted_status_user_description
794269402183172096,@AlionScience,.@AlionScience's CTO Christopher Zember @CJZember and other experts share their insights on the future of defense. https://t.co/gNJfvQxtWn,2016-11-03 20:05:56+00:00,Tweet,True,0,0,,"AlionScience,CJZember",Twitter Web Client,,, ,Implications of emerging and converging technologies on international security - great summary by @wef  https://t.co/xUyEWqoI5T,1,Christopher Zember,CJZember,Accessing global #technology #innovation for our nation's #defense.
786638769197838336,@AlionScience,Alion's CounterMeasures solution certified for risk assessment of federal facilities! https://t.co/OnXANMhUHK,2016-10-13 18:44:32+00:00,Tweet,True,0,1,,,Twitter Web Client,,, ,.@DHSgov certifies  @AlionScience risk assessment tool for federal facilities #GovCon https://t.co/fFsc8h8QC3,0,ExecutiveBiz,ExecutiveBiz,"Covering the people and companies making business news in & around Washington, DC. Published by Executive Mosaic: http://t.co/EfRUOl8s2U"
784379083916505089,@AlionScience,Congratulations to Alion's General Counsel Brian Fisher! https://t.co/nPCuNx12IZ,2016-10-07 13:05:21+00:00,Tweet,True,0,1,,,Twitter Web Client,,, ,Brian Fisher Receives Executive Mosaic’s Top General Counsel Executives Award https://t.co/qSRracaBJq #BrianFisher #CRADA,1,ExecutiveBiz,ExecutiveBiz,"Covering the people and companies making business news in & around Washington, DC. Published by Executive Mosaic: http://t.co/EfRUOl8s2U"
763009888846909440,@AlionScience,#ICYMI: Alion will support the @USNavy and its shipbuilding program under a $145M contract. https://t.co/Z2eeh2DUT0 @washtechnology,2016-08-09 13:51:48+00:00,Tweet,False,0,0,ICYMI,"USNavy,washtechnology",Twitter Web Client,,, ,,,,,
762732764533694465,@AlionScience,RT @GovConWire: .@AlionScience to support @USNavy’s DDG 51 shipbuilding program under $145M contract #GovCon https://t.co/GHc8gyks89,2016-08-08 19:30:36+00:00,Retweet,False,1,0,GovCon,"GovConWire,AlionScience,USNavy",Twitter Web Client,,, ,,,,,
762661884814393345,@AlionScience,Alion Awarded $145M Contract to Support @USNavy's DDG 51 Shipbuilding Program https://t.co/PDefxs1IYZ https://t.co/UC3I7OIMMW,2016-08-08 14:48:57+00:00,Tweet,False,0,0,,USNavy,Twitter Web Client,,, ,,,,,
753692240686362624,@AlionScience,Alion's Karl Nebbia talks #spectrum and how we help #government &amp; industry share the airwaves with @TelecomEngine https://t.co/SaPjtwUZm4,2016-07-14 20:46:47+00:00,Tweet,False,0,0,"spectrum,government",TelecomEngine,Twitter Web Client,,, ,,,,,
750348889513988096,@AlionScience,RT @GovConWire: 30-year financial mgmt vet Kevin Cook named @AlionScience CFO #GovCon https://t.co/pu0PkK4JSG,2016-07-05 15:21:30+00:00,Retweet,False,1,0,GovCon,"GovConWire,AlionScience",Twitter for iPhone,,, ,,,,,
750337487902564352,@AlionScience,5G and IoT put huge demands on #wirelessspectrum. Alion's Karl Nebbia discussed it w/ Dan Meyer of @rcrwirelessnews https://t.co/zCFxdfa9aI,2016-07-05 14:36:12+00:00,Tweet,False,0,0,wirelessspectrum,rcrwirelessnews,Twitter Web Client,,, ,,,,,
745230049276723202,@AlionScience,RT @homelandprep: Congratulations to @AlionScience!  -Awarded $137 million by DISA DSO for wireless spectrum improvement https://t.co/7L8AR…,2016-06-21 12:21:04+00:00,Retweet,False,1,0,,"homelandprep,AlionScience",Twitter for iPhone,,, ,,,,,
744962599003971584,@AlionScience,"Under the $137M @USDISA contract award, Alion will provide #electromagnetic spectrum mgmt. support. https://t.co/cpTGThS08q",2016-06-20 18:38:18+00:00,Tweet,False,0,0,electromagnetic,USDISA,Twitter Web Client,,, ,,,,,
743102020274524160,@AlionScience,DoD needs spectrum; so do commercial wireless users. We're helping them share the airwaves. https://t.co/IGCPeLAgqI https://t.co/myrxijjDeF,2016-06-15 15:25:02+00:00,Tweet,False,0,1,,,Twitter Web Client,,, ,,,,,
735869555013099520,@AlionScience,Rebuilding Canada’s navy – Alion among qualified ship designers https://t.co/wNKreSo3cs via @IHS4DefRiskSec,2016-05-26 16:25:48+00:00,Tweet,False,0,1,,IHS4DefRiskSec,Twitter Web Client,,, ,,,,,
735823790488358913,@AlionScience,".@GovConWire: DISA Taps 8 Firms for $137M Spectrum Engineering, Operational Support IDIQ https://t.co/bgI9CqH4Bd",2016-05-26 13:23:57+00:00,Tweet,False,0,0,,GovConWire,Twitter Web Client,,, ,,,,,
732647652291137536,@AlionScience,Alion's Counter Drone System on the Horizon! via @AINonline https://t.co/LdgZLG5eR2 #technology,2016-05-17 19:03:06+00:00,Tweet,False,0,0,technology,AINonline,Twitter Web Client,,, ,,,,,
730381116255916032,@AlionScience,Keeping critical infrastructure safe from rogue drones: Alion's Bill Senich explains @GCNtech https://t.co/gTXGQyBlo2,2016-05-11 12:56:42+00:00,Tweet,False,0,0,,GCNtech,Twitter Web Client,,, ,,,,,
730117900191703040,@AlionScience,RT @GCNtech: Countering drones via radio frequency https://t.co/SBq62KmCjM @GCNtech,2016-05-10 19:30:46+00:00,Retweet,False,2,0,,"GCNtech,GCNtech",Twitter Web Client,,, ,,,,,
727123406752075781,@AlionScience,Alion's Karl Nebbia says #spectrum management crucial to the future of #5G. @signalmag https://t.co/pJBXgZmBiX https://t.co/h0Dg4kbd2g,2016-05-02 13:11:44+00:00,Tweet,False,2,3,"spectrum,5G",signalmag,Twitter Web Client,,, ,,,,,
723153012630282240,@AlionScience,Alion's Karl Nebbia says spectrum sharing will be inevitable for government and private industry. @rcrwirelessnews https://t.co/4kbAzw8TuI,2016-04-21 14:14:48+00:00,Tweet,False,0,0,,rcrwirelessnews,Twitter Web Client,,, ,,,,,
722422539096449029,@AlionScience,"RT @INSAlliance: New mentors from @ODNIgov, NCTC &amp; @AlionScience added to INSA's #SpeedMentoring event: https://t.co/e5yoQjZx8M https://t.c…",2016-04-19 13:52:09+00:00,Retweet,False,1,0,SpeedMentoring,"INSAlliance,ODNIgov,AlionScience",Twitter Web Client,,, ,,,,,
722417561019613184,@AlionScience,Solving the wireless spectrum crunch: Alion's Karl Nebbia explains how. @rcrwirelessnews  https://t.co/m2mN2E7XPc https://t.co/PAA9K68xBd,2016-04-19 13:32:23+00:00,Tweet,False,0,0,,rcrwirelessnews,Twitter Web Client,,, ,,,,,
720330289654857729,@AlionScience,Alion Science and Technology Appoints Mark Gerencser to Board of Directors https://t.co/TQ6TGk1mwO via @WashingtonExec,2016-04-13 19:18:18+00:00,Tweet,False,0,1,,washingtonexec,Twitter Web Client,,, ,,,,,
718107526710083584,@AlionScience,Mark Gerencser named to Alion's Board of Directors https://t.co/LNoE9psEkV https://t.co/mr8nrrhj80,2016-04-07 16:05:50+00:00,Tweet,False,0,0,,,Twitter Web Client,,, ,,,,,
711909529215115265,@AlionScience,Alion - a great place for vets! @MilitaryTimes announces its Best for Vets: Employers list: https://t.co/E6fBNHyz0q https://t.co/LLuBlCVhBN,2016-03-21 13:37:13+00:00,Tweet,False,0,1,,MilitaryTimes,Twitter Web Client,,, ,,,,,
704696677265965057,@AlionScience,"Preventing medical deaths is no game, or is it? @signalmag on Alion's Safe Surgery Trainer: https://t.co/4YegxPSNzw https://t.co/CmpB8slw0B",2016-03-01 15:55:55+00:00,Tweet,False,1,1,,signalmag,Twitter Web Client,,, ,,,,,
700694905589399553,@AlionScience,Making non-combat ships more survivable: Alion's Maggie Nate explains how. @ShipNews https://t.co/C1Kk6RYqch (p. 20) https://t.co/112Y929xvZ,2016-02-19 14:54:18+00:00,Tweet,False,0,0,,ShipNews,Twitter Web Client,,, ,,,,,
698244306461716483,@AlionScience,Alion’s Karl Nebbia shared insights on #WirelessSpectrum with @WirelessWeek. Read it here: https://t.co/MCRknn4G3z https://t.co/Seoi4PUv05,2016-02-12 20:36:30+00:00,Tweet,False,0,0,WirelessSpectrum,WirelessWeek,Twitter Web Client,,, ,,,,,
693143716471578624,@AlionScience,Modular vehicle design: always the best choice? https://t.co/7aQwBLEp04 Interesting findings in our paper for @DAUNow publications,2016-01-29 18:48:34+00:00,Tweet,False,0,1,,DAUNow,Twitter Web Client,,, ,,,,,
690151200042438657,@AlionScience,"@usairforce picks Alion for #spectrum management"" via: @C4ISRNET https://t.co/nCMS1U19mT",2016-01-21 12:37:23+00:00,Tweet,False,0,1,spectrum,"usairforce,C4ISRNET",Twitter Web Client,,, ,,,,,
689472316292526081,@AlionScience,The next president's business focus? COO Stacy Mendler offers bold ideas to @PSCSpeaks  https://t.co/fWlx9meuqz,2016-01-19 15:39:44+00:00,Tweet,False,0,0,,PSCSpeaks,Twitter Web Client,,, ,,,,,
688000382157598720,@AlionScience,RT @Airforce_Tech: Alion wins AFSMO contract for USAF Spectrum management: Alion Science and Technology has secured a contract fr... https:…,2016-01-15 14:10:48+00:00,Retweet,False,1,0,,Airforce_Tech,Twitter Web Client,,, ,,,,,
687999166182719488,@AlionScience,Alion COO Stacy Mendler named to @washingtonexec inaugural Top 30 to Watch list!  https://t.co/nSkE2mGAjS,2016-01-15 14:05:58+00:00,Tweet,False,1,2,,washingtonexec,Twitter Web Client,,, ,,,,,
687702219437785089,@AlionScience,Alion’s Karl Nebbia talks about the challenges and future of #WirelessSpectrum with Dan Meyer. Watch now: https://t.co/jLWG9ZjTlR,2016-01-14 18:26:00+00:00,Tweet,False,0,0,WirelessSpectrum,,Twitter Web Client,,, ,,,,,
687657770099683328,@AlionScience,RT @ShephardNews: Alion awarded AFSMO support contract https://t.co/Yf2dWIjSk9,2016-01-14 15:29:23+00:00,Retweet,False,2,0,,ShephardNews,Twitter Web Client,,, ,,,,,
687642759436439552,@AlionScience,The @usairforce enlisted our help for spectrum management. Read the story: https://t.co/5xNNZkFJh7 by @DiaMariesbeat via @WirelessWeek,2016-01-14 14:29:44+00:00,Tweet,False,1,1,,"usairforce,DiaMariesbeat,WirelessWeek",Twitter Web Client,,, ,,,,,
687640250533941248,@AlionScience,RT @ExecutiveBiz: .@AlionScience to provide spectrum management services to @usairforce https://t.co/FQmWoBd0LC #GovCon,2016-01-14 14:19:46+00:00,Retweet,False,1,0,GovCon,"ExecutiveBiz,AlionScience,usairforce",Twitter Web Client,,, ,,,,,
