id,name,text,created_at,tweet_form,is_quote_status,retweet_count,favorite_count,hashtags,user_mention,tweet_source,in_reply_to_status_id,in_reply_to_status_id_str,reply_message,quoted_text,quoted_text_fav_count,quoted_status_user_name,quoted_status_user_screen_name,quoted_status_user_description
537296027951583232,@EvergreenPkg,RT @SPCspotlight: .@EvergreenPkg teams up with @Kids_Gardening http://t.co/Nhh6rSIUMT,2014-11-25 17:25:30+00:00,Retweet,False,3,0,,"SPCspotlight,EvergreenPkg,Kids_Gardening",Hootsuite,,, ,,,,,
425714044340043776,@EvergreenPkg,RT @FoodProdDaily: Recycling of cartons from @TetraPak @EvergreenPkg and other companies is on the rise in the US http://t.co/MP2xjsazeS,2014-01-21 19:38:32+00:00,Retweet,False,2,0,,"tetrapak,EvergreenPkg",Hootsuite,,, ,,,,,
408638667633475584,@EvergreenPkg,"RT @ComputerJobs1: Search Graphics Jobs Graphic Artist/Web Designer at Evergreen Packaging (Memphis, TN)  http://t.co/ZYWmfMQNKG",2013-12-05 16:47:05+00:00,Tweet,False,1,4,,ComputerJobs1,Hootsuite,,, ,,,,,
405086862760738816,@EvergreenPkg,"RT @MiWorksKalStJoe: Evergreen Packaging #jobs, attend info/orientation on Nov 26 OR Dec 10 @ 9:30 am @ Kazoo MiWorks - details @...",2013-11-25 21:33:28+00:00,Tweet,False,1,1,jobs,,Hootsuite,,, ,,,,,
402522909295771648,@EvergreenPkg,RT @PRNmfg: Evergreen Packaging White Paper Reveals Emerging Marketing Opportunity for Beverage Brands to Connect with Eco......,2013-11-18 19:45:14+00:00,Tweet,False,0,1,,PRNmfg,Hootsuite,,, ,,,,,
383259027356266496,@EvergreenPkg,RT @ChooseCartons: Fact: There's been a 150% increase in access to #carton #recycling over the last 4 years! http://t.co/GkvwZkK38O (via @R…,2013-09-26 15:57:27+00:00,Retweet,False,1,0,"carton,recycling",ChooseCartons,Hootsuite,,, ,,,,,
372001539617210368,@EvergreenPkg,"RT @MixedBagDesigns: Fun #BackToSchool, #green craft idea: http://t.co/yXp7mXPMW3 for cute herb planters. http://t.co/8RXEHBBrhN via @sacbe…",2013-08-26 14:24:13+00:00,Retweet,False,3,0,"BackToSchool,green",MixedBagDesigns,Hootsuite,,, ,,,,,
366919981339906051,@EvergreenPkg,"RT @RecycleCartons: As of this July, 51,687,037 households have access to carton recycling!  That makes a 44.3% national access rate!",2013-08-12 13:51:55+00:00,Retweet,False,1,0,,RecycleCartons,Hootsuite,,, ,,,,,
358251373567442944,@EvergreenPkg,RT @MadeByMilk: We're excited to announce our fall '13 contest theme ... *drum roll please* Transportation!! Learn all about it here: http:…,2013-07-19 15:45:58+00:00,Retweet,False,1,0,,MadeByMilk,Hootsuite,,, ,,,,,
354296670961401857,@EvergreenPkg,From the newsroom - join us at the @SNAMeetings Annual National Conference in Kansas City. http://t.co/8B5fADUeXW,2013-07-08 17:51:23+00:00,Tweet,False,0,0,,SNAMeetings,Hootsuite,,, ,,,,,
351714877800316928,@EvergreenPkg,"RT @MiWorksKalStJoe: Evergreen Packaging will be Employer of the Day @ Kazoo MichWORKS 7/8/13, 8-11am AND 7/9/13, 10am-1pm #jobs http://t.c…",2013-07-01 14:52:16+00:00,Retweet,False,1,0,jobs,,Hootsuite,,, ,,,,,
341942781184454657,@EvergreenPkg,From the newsroom - Spring 2013 @MadeByMilk Carton Construction contest winners announced http://t.co/qGHWvxK87v,2013-06-04 15:41:26+00:00,Tweet,False,0,0,,MadeByMilk,Hootsuite,,, ,,,,,
340165854572457984,@EvergreenPkg,"RT @MadeByMilk: A special congrats to our now 2-time Grand Prize winner Mustang Elem in Mustang, OK. Their creation this semester used over…",2013-05-30 18:00:34+00:00,Retweet,False,2,0,,MadeByMilk,Hootsuite,,, ,,,,,
340165841922437120,@EvergreenPkg,RT @MadeByMilk: A big congrats to all of the winners of our Spring 2013 Carton Construction Contest! http://t.co/W7dKoV3ZUK,2013-05-30 18:00:31+00:00,Retweet,False,2,0,,MadeByMilk,Hootsuite,,, ,,,,,
337619130708545536,@EvergreenPkg,Carton Council joins Keep America Beautiful to increase carton recycling http://t.co/kTpR8HEM4V,2013-05-23 17:20:48+00:00,Tweet,False,0,0,,,Hootsuite,,, ,,,,,
334704706716852225,@EvergreenPkg,@OrganicValley So glad to hear everyone made it out safely. Our thoughts are with you!,2013-05-15 16:19:55+00:00,Reply,False,0,0,,OrganicValley,Twitter Web Client,334520029880135680,334520029880135680,We appreciate all the well wishes we've received after the fire in our HQ  building today. Everyone's safe. More info http://t.co/EHdnezhiU2,,,,,
332956647439863809,@EvergreenPkg,RT @PLStoreBrands: Evergreen Packaging (@EvergreenPkg) relaunches eco-minded website. http://t.co/uG7CDqNPiX #packaging,2013-05-10 20:33:45+00:00,Retweet,False,1,0,packaging,"plstorebrands,EvergreenPkg",Hootsuite,,, ,,,,,
332147954578231296,@EvergreenPkg,RT @RecycleCartons: The Carton Council is excited to announce the launch of our new site: http://t.co/6mqdqKvk50 Designed for recycling pro…,2013-05-08 15:00:18+00:00,Retweet,False,1,0,,RecycleCartons,Hootsuite,,, ,,,,,
329989677329289216,@EvergreenPkg,RT @ChooseCartons: From our Fresh Ideas blog - How to Make Greener Choices at the Grocery Store. http://t.co/NZBRu6HAHe,2013-05-02 16:04:04+00:00,Retweet,False,1,0,,ChooseCartons,Twitter Web Client,,, ,,,,,
327807791458811904,@EvergreenPkg,RT @arborday: So many great #tree planting events happening this #arborday! Have you planted a tree today? http://t.co/0dt0tDOMex,2013-04-26 15:34:02+00:00,Retweet,False,19,0,"tree,arborday",arborday,Hootsuite,,, ,,,,,
326364467627704320,@EvergreenPkg,RT @FoodPack: Almost 50 million U.S. households now have access to carton #recycling http://t.co/Gso7GD0o2r #EarthDay #packaging @RecycleCa…,2013-04-22 15:58:47+00:00,Retweet,False,4,0,"recycling,EarthDay,packaging",FoodPack,Hootsuite,,, ,,,,,
325238492898672640,@EvergreenPkg,"RT @recycle_com: Celebrate Earth Day by recycling cartons!   As you know, Monday, April 22, is Earth Day. Since the first Earth Day... h ...",2013-04-19 13:24:34+00:00,Retweet,False,2,0,,recycle_com,Twitter Web Client,,, ,,,,,
324960463429447682,@EvergreenPkg,"We're proud to be a part the @ShelbyFarmsPark Down To Earth festival. Join us for milk carton crafts, eco-art &amp; more! http://t.co/L5RJXiJfXU",2013-04-18 18:59:46+00:00,Tweet,False,2,2,,ShelbyFarmsPark,Hootsuite,,, ,,,,,
324198762807443456,@EvergreenPkg,We'll be participating in Earth Day events across the US! See our Facebook page for a complete listing and join us! http://t.co/yrehHXGs8a,2013-04-16 16:33:03+00:00,Tweet,False,0,0,,,Hootsuite,,, ,,,,,
322383537665888256,@EvergreenPkg,RT @MadeByMilk: Only 2 weeks left of our Landmarks contest! Check here if you're still looking for some ways to score extra credit: http ...,2013-04-11 16:19:59+00:00,Retweet,False,1,0,,MadeByMilk,Twitter Web Client,,, ,,,,,
322382696947015681,@EvergreenPkg,@ucm_nsbe Glad you enjoyed the visit!  Thanks for sharing,2013-04-11 16:16:39+00:00,Reply,False,0,0,,UCM_NSBE,Hootsuite,322107551917420544,322107551917420544,"Thank you @EvergreenPkg for letting us visit your facility in Turlock, we had a great time with your wonderful staff!",,,,,
309332265752743936,@EvergreenPkg,Join us at Natural Products West booth #1292 to learn why paper cartons deliver what organic consumers want http://t.co/U6njZcP36b #ExpoWest,2013-03-06 15:58:53+00:00,Tweet,False,0,0,ExpoWest,,Hootsuite,,, ,,,,,
309296681680248832,@EvergreenPkg,RT @Earth911: Are cartons recyclable? Find out: http://t.co/dl2suB87cd,2013-03-06 13:37:30+00:00,Retweet,False,9,0,,Earth911,Twitter Web Client,,, ,,,,,
308601525125664770,@EvergreenPkg,Carton Council honored as 'Recycler of the Year' by the Tennessee Recycling Coalition. http://t.co/uXvzpJIWkX,2013-03-04 15:35:11+00:00,Tweet,False,0,0,,,Hootsuite,,, ,,,,,
308573292418183168,@EvergreenPkg,RT @RecycleCartons: Continued growth for carton recycling access!  We just hit the 42.5% national access mark!,2013-03-04 13:43:00+00:00,Retweet,False,3,0,,RecycleCartons,Hootsuite,,, ,,,,,
304593975627624449,@EvergreenPkg,"Consumers willing to pay more for fresh, sustainable packaging via @pgrocer http://t.co/MAu8T4fT1v",2013-02-21 14:10:37+00:00,Tweet,False,0,0,,pgrocer,Hootsuite,,, ,,,,,
298959022923587584,@EvergreenPkg,RT @RecycleCartons: RT This message to help The Carton Council move cartons away from landfills and into recycling facilities!,2013-02-06 00:59:20+00:00,Retweet,False,2,0,,RecycleCartons,Hootsuite,,, ,,,,,
291939232711327745,@EvergreenPkg,Announcing winners of the @MadeByMilk Carton Construction Contest. Over 125 entries were received from across the US http://t.co/9dIy6fgP,2013-01-17 16:05:11+00:00,Tweet,False,0,0,,MadeByMilk,Hootsuite,,, ,,,,,
291926097929568256,@EvergreenPkg,@theleahvlog Great shot!,2013-01-17 15:13:00+00:00,Reply,False,0,0,,TheLeahVlog,Hootsuite,291734276460933120,291734276460933120,#train #rr #railroad #paper #brp #champion #mill #canton #nc #mtns #bw #blackandwhite  @ Evergreen Packaging http://t.co/RrdWpfBj,,,,,
291604240932171776,@EvergreenPkg,RT @MadeByMilk: We're proud to announce our 2012 Carton Construction Contest winners! Congrats to the makers of these awesome habitats:  ...,2013-01-16 17:54:03+00:00,Retweet,False,2,0,,MadeByMilk,Twitter Web Client,,, ,,,,,
291230532849766400,@EvergreenPkg,RT @FIT_artdesign: @FIT student wins @EvergreenPkg contest &amp; featured on Fashion for squares | 2012-12-05 | Food Engineering http:// ...,2013-01-15 17:09:04+00:00,Retweet,False,1,0,,"FIT_artdesign,FIT,EvergreenPkg",Twitter Web Client,,, ,,,,,
291227211032305664,@EvergreenPkg,Interested in joining the Evergreen Packaging team?  Browse our open positions: http://t.co/znDigBos,2013-01-15 16:55:52+00:00,Tweet,False,0,0,,,Hootsuite,,, ,,,,,
282195430979297280,@EvergreenPkg,RT @BevConsortium: #beverage #packaging makers @Pure_Pak @SIGCombiblocUK @EvergreenPkg &amp; @tetrapak team up to boost carton recycling ...,2012-12-21 18:46:48+00:00,Retweet,False,2,0,"beverage,packaging","BevConsortium,Pure_Pak,SIGCombiblocUK,EvergreenPkg,tetrapak",Twitter Web Client,,, ,,,,,
281429371988889600,@EvergreenPkg,RT @careenvironment: Carton Recycling Access Doubles in Three Years · Environmental Management ... http://t.co/0T6oHSN8,2012-12-19 16:02:45+00:00,Tweet,False,0,0,,CareEnvironment,Hootsuite,,, ,,,,,
276394279813931008,@EvergreenPkg,3 days left to vote!  Show your support for students who built habitats from recycled milk cartons for @MadeByMilk.  http://t.co/IIHQuqlG,2012-12-05 18:35:06+00:00,Tweet,False,0,0,,MadeByMilk,Hootsuite,,, ,,,,,
271001508550680576,@EvergreenPkg,"RT @MadeByMilk: Think you can spot a great habitat when you see one? Vote online for your favorite burrow, cave, nest, or hive now at ht ...",2012-11-20 21:26:09+00:00,Retweet,False,2,0,,MadeByMilk,Twitter Web Client,,, ,,,,,
269144909586526208,@EvergreenPkg,"RT @ChooseCartons: In honor of America Recycles Day, learn how recycled cartons can start a new life as other paper products. http://t.c ...",2012-11-15 18:28:41+00:00,Retweet,False,2,0,,ChooseCartons,Twitter Web Client,,, ,,,,,
268476785744830464,@EvergreenPkg,"RT @madebymilk: Creative entries are already ""herding"" in, and all habitat creations are due on Saturday. We can't wait to see more!...",2012-11-13 22:13:48+00:00,Tweet,False,0,1,,MadeByMilk,Hootsuite,,, ,,,,,
268038171391062016,@EvergreenPkg,We're exhibiting at #PLMA today and tomorrow.  Stop by booth 1550 and learn about the high-impact branding opportunities cartons offer.,2012-11-12 17:10:54+00:00,Tweet,False,0,0,PLMA,,Hootsuite,,, ,,,,,
266957231487078402,@EvergreenPkg,RT @FIT_artdesign: FIT Packaging Design students competed to in Project Carton by @EvergreenPkg to create eco-friendly cartons. http://t ...,2012-11-09 17:35:38+00:00,Retweet,False,1,0,,"FIT_artdesign,EvergreenPkg",Twitter Web Client,,, ,,,,,
266670200202608640,@EvergreenPkg,Attending @PLMA_USA show next week?  Stop by our booth #1550 to learn about the high impact branding opportunities that cartons offer.,2012-11-08 22:35:04+00:00,Tweet,False,0,0,,PLMA_USA,Hootsuite,,, ,,,,,
265842324398030848,@EvergreenPkg,"And lastly, thank you to Project Carton retail and packaging industry judge Ron Sasine w/ @Walmart http://t.co/WPK0NGdA",2012-11-06 15:45:23+00:00,Tweet,False,0,0,,Walmart,Hootsuite,,, ,,,,,
265841054522167296,@EvergreenPkg,A big thanks to Project Carton packaging industry judges Noel Stewart w/ @CocaCola &amp; Lynn Dornblaser w/ @mintelnews http://t.co/WPK0NGdA,2012-11-06 15:40:21+00:00,Tweet,False,0,0,,"CocaCola,mintelnews",Hootsuite,,, ,,,,,
265838514892070912,@EvergreenPkg,A big thanks to Project Carton design industry judges Marcus Hewitt w/ @DragonRouge_NYC &amp; Andy Yates w/ @WhiteWaveFoods http://t.co/WPK0NGdA,2012-11-06 15:30:15+00:00,Tweet,False,0,0,,"DragonRouge_NYC,WhiteWaveFoods",Hootsuite,,, ,,,,,
265837246354182144,@EvergreenPkg,The winning designs and their stories from Project Carton - a #package design competition with students from @FIT http://t.co/IIRQpq3r,2012-11-06 15:25:13+00:00,Tweet,False,0,0,package,FIT,Hootsuite,,, ,,,,,
264014981631201280,@EvergreenPkg,"RT @kwillustrates: Congrats, Jennifer Ahern. Cool Design! Evergreen Packaging Prize Winner of Project Carton http://t.co/ibBr6Epi",2012-11-01 14:44:11+00:00,Tweet,False,0,0,,KWillustrates,Hootsuite,,, ,,,,,
263709393047138304,@EvergreenPkg,@HOWbrand Thanks for the story and the mention!  Some really fresh and creative designs from the @FIT students.,2012-10-31 18:29:53+00:00,Reply,False,0,0,,"HOWbrand,FIT",Twitter Web Client,263647905661984768,263647905661984768,Evergreen Packaging Announces Grand Prize Winner of Project Carton http://t.co/4ranmuVt #design,,,,,
263694358329569280,@EvergreenPkg,3 weeks left to submit entries for the @MadeByMilk Carton Construction Contest. Creativity &amp; recycling rolled into one. http://t.co/dPicJiBA,2012-10-31 17:30:08+00:00,Tweet,False,1,0,,MadeByMilk,Hootsuite,,, ,,,,,
263689488604217344,@EvergreenPkg,RT @RecycleCartons: #Wisconsin children at Westlawn Elementary School got a great lesson in #carton #recycling today.  http://t.co/4azst9aW,2012-10-31 17:10:47+00:00,Retweet,False,2,0,"Wisconsin,carton,recycling",RecycleCartons,Twitter Web Client,,, ,,,,,
262969721740214273,@EvergreenPkg,"We're showcasing the winners of our @FIT student design competition, Project Carton. Visit booth S1566 at #PackExpo to check them out.",2012-10-29 17:30:42+00:00,Tweet,False,1,0,PackExpo,FIT,Hootsuite,,, ,,,,,
262953084941107200,@EvergreenPkg,We're running our EQ-70 gable top filling machine at today's #PackExpo.  Stop by booth S1566 for a demo.,2012-10-29 16:24:35+00:00,Tweet,False,0,0,PackExpo,,Hootsuite,,, ,,,,,
261939020131598336,@EvergreenPkg,"The winners of Project Carton, a #package design competition with students from @FIT, are revealed http://t.co/BGu389F4",2012-10-26 21:15:03+00:00,Tweet,False,0,0,package,FIT,Hootsuite,,, ,,,,,
261902278288621568,@EvergreenPkg,RT @FoodPack: Evergreen Packaging announces winners of Project Carton:  http://t.co/qR5sczHP,2012-10-26 18:49:03+00:00,Retweet,False,1,0,,FoodPack,Twitter Web Client,,, ,,,,,
261902178837487616,@EvergreenPkg,We'll also be operating the Extended Long Life EQ-70 gable top filling machine in our #PackExpo booth. Learn more: http://t.co/gBhhPMvI,2012-10-26 18:48:40+00:00,Tweet,False,0,0,PackExpo,,Hootsuite,,, ,,,,,
261901677341315072,@EvergreenPkg,Visit us at #PackExpo booth #S1566 where we'll be showcasing the high-impact branding opportunities that paper carton #packaging offers.,2012-10-26 18:46:40+00:00,Tweet,False,0,0,"PackExpo,S1566,packaging",,Hootsuite,,, ,,,,,
