id,name,text,created_at,tweet_form,is_quote_status,retweet_count,favorite_count,hashtags,user_mention,tweet_source,in_reply_to_status_id,in_reply_to_status_id_str,reply_message,quoted_text,quoted_text_fav_count,quoted_status_user_name,quoted_status_user_screen_name,quoted_status_user_description
795715731027595264,@WesternMDHealth,Breathe in.... Breathe out... Join us for a mini-meditation session this month! https://t.co/Exq3efaMFL,2016-11-07 19:53:08+00:00,Tweet,False,0,0,,,Twitter Web Client,,, ,,,,,
793517155979517952,@WesternMDHealth,"November is Diabetes Awareness Month. Check back all month as we look at diabetes prevention, treatment, and support.",2016-11-01 18:16:47+00:00,Tweet,False,0,0,,,Twitter Web Client,,, ,,,,,
793091386656624644,@WesternMDHealth,https://t.co/b5bbkfyX2w,2016-10-31 14:04:56+00:00,Tweet,False,0,0,,,Twitter Web Client,,, ,,,,,
791714572109488128,@WesternMDHealth,WMHS uses state-of-the-art mammography technology with low dose radiation and also offers 3D mammography for women… https://t.co/uWyUQEAina,2016-10-27 18:53:57+00:00,Tweet,False,0,0,,,Twitter Web Client,,, ,,,,,
791328755323117569,@WesternMDHealth,The CDC recommends that you get your flu shot by the end of October. Simply walk in either WMHS Urgent Care locatio… https://t.co/PWHFRChRB1,2016-10-26 17:20:52+00:00,Tweet,False,0,0,,,Twitter Web Client,,, ,,,,,
786980834440011776,@WesternMDHealth,Thank you to Maryland Governor @LarryHogan for making a stop at the Western Maryland Regional Medical Center this m… https://t.co/CxsuYzd6nK,2016-10-14 17:23:46+00:00,Tweet,False,0,3,,LarryHogan,Hootsuite,,, ,,,,,
784453919233679360,@WesternMDHealth,Many thanks to the staff of WMHS and Trivergent for donating food and supplies for local shelter pets in need. https://t.co/sLgyhowD8o,2016-10-07 18:02:43+00:00,Tweet,False,1,0,,,Twitter Web Client,,, ,,,,,
784085739269218304,@WesternMDHealth,"Dr. Tom Hartsuch is wearing pink during the month of October to raise money for the @AmericanCancer new campaign, R… https://t.co/WScyeJnENp",2016-10-06 17:39:42+00:00,Tweet,False,0,0,,AmericanCancer,Twitter Web Client,,, ,,,,,
780842756637949953,@WesternMDHealth,Congrats to Jennifer Garrison - WMHS Values in Action Award winner for the month of September!… https://t.co/fvlRkaQ86c,2016-09-27 18:53:15+00:00,Tweet,False,0,0,,,Hootsuite,,, ,,,,,
780431678909079552,@WesternMDHealth,Take this free opportunity to ask any questions you have or get assistance filling out a form. https://t.co/Tf2Rt7QvbG,2016-09-26 15:39:46+00:00,Tweet,False,0,0,,,Hootsuite,,, ,,,,,
778282111757410304,@WesternMDHealth,Join us for some of our exciting free fitness opportunities at Rocky Gap State Park. Click here for more information https://t.co/E3yypS6s2A,2016-09-20 17:18:09+00:00,Tweet,False,0,0,,,Hootsuite,,, ,,,,,
777884713759506432,@WesternMDHealth,Join us tonight for our Breast Health Update at 5:30pm in the WMHS Auditorium! https://t.co/wsvrPxBgN3,2016-09-19 14:59:02+00:00,Tweet,False,0,0,,,Hootsuite,,, ,,,,,
770673514168721408,@WesternMDHealth,The 20th Annual WMHS Golf Classic is coming up on Sept 16th! For info on how you can be involved – visit the link https://t.co/PJ1SAKr5aD,2016-08-30 17:24:18+00:00,Tweet,False,0,0,,,Twitter Web Client,,, ,,,,,
768856289317314560,@WesternMDHealth,Our employees displayed their generosity by collecting school supplies for distribution by the Union Rescue Mission! https://t.co/huX5ml4ie8,2016-08-25 17:03:18+00:00,Tweet,False,0,0,,,Twitter Web Client,,, ,,,,,
766273813118091264,@WesternMDHealth,Our open heart program earned a 3 star rating from the Society of Thoracic Surgeons. This is the top rating! https://t.co/I77SqU1wzH,2016-08-18 14:01:28+00:00,Tweet,False,0,1,,,Twitter Web Client,,, ,,,,,
750678198665510912,@WesternMDHealth,"WMHS Farmers Market Grand Opening Kick-Off TODAY from 2pm-5pm, underneath the parking garage!",2016-07-06 13:10:04+00:00,Tweet,False,0,0,,,Twitter Web Client,,, ,,,,,
733667303464800256,@WesternMDHealth,Thank you to all of our local EMS providers as they celebrate National EMS Week! https://t.co/q9kGou42BR,2016-05-20 14:34:50+00:00,Tweet,False,1,3,,,Twitter Web Client,,, ,,,,,
710164318189445120,@WesternMDHealth,WMHS Foundation Scholarship applications are due on March 29!  https://t.co/SlnQoNoiXM,2016-03-16 18:02:22+00:00,Tweet,False,0,1,,,Twitter Web Client,,, ,,,,,
705473854982983680,@WesternMDHealth,March is Colon Cancer Awareness Month. The graphic below is from the American Cancer Society! @AmericanCancer https://t.co/iyFwbdGxmc,2016-03-03 19:24:08+00:00,Tweet,False,0,0,,AmericanCancer,Twitter Web Client,,, ,,,,,
699655425919229952,@WesternMDHealth,Join us on February 23 for this free event about chronic diseases and cancer risk and treatment! https://t.co/JwmYvHHIrd,2016-02-16 18:03:47+00:00,Tweet,False,2,2,,,Twitter Web Client,,, ,,,,,
697858024057237504,@WesternMDHealth,Learn more about the Center for Clinical Resources &amp; the innovative care they provide https://t.co/O8ol1804y3 https://t.co/zDHTNBdnQL,2016-02-11 19:01:33+00:00,Tweet,False,0,2,,,Twitter Web Client,,, ,,,,,
695301928373202944,@WesternMDHealth,4th February is #WorldCancerDay! Spread the message that #WeCanICan take action to help prevent &amp; fight #cancer: https://t.co/Zk9B4qCgBX,2016-02-04 17:44:32+00:00,Tweet,False,1,1,"WorldCancerDay,WeCanICan,cancer",,Twitter Web Client,,, ,,,,,
690606573119479809,@WesternMDHealth,Severe weather related updates and closings! https://t.co/Id7frEKKbC,2016-01-22 18:46:52+00:00,Tweet,False,0,0,,,Twitter Web Client,,, ,,,,,
687290306048475136,@WesternMDHealth,"Congratulations to June Ward, recipient of the WMHS Values in Action Award for the month of January! https://t.co/T5WNupZ8kO",2016-01-13 15:09:12+00:00,Tweet,False,0,1,,,Twitter Web Client,,, ,,,,,
657626964472287237,@WesternMDHealth,"Dr. Faye Yin, Medical Oncologist, shared these trouble signs that shouldn't be ignored when it comes to your breasts https://t.co/UMCkW1dIoA",2015-10-23 18:37:41+00:00,Tweet,False,0,0,,,Twitter Web Client,,, ,,,,,
657274133261262848,@WesternMDHealth,"WMHS has received recognition from Healthgrades®, including being named one of America’s 50 Best for Cardiac Surgery™!",2015-10-22 19:15:39+00:00,Tweet,False,0,0,,,Twitter Web Client,,, ,,,,,
654361220733116416,@WesternMDHealth,This week is Healthcare Security and Safety Week! Thank you to all of our Safety-Security Professionals!,2015-10-14 18:20:47+00:00,Tweet,False,0,1,,,Twitter Web Client,,, ,,,,,
651794309960892417,@WesternMDHealth,“Learning About Breast Cancer”-Oct 21 from 1-3 pm at the Western MD Regional Medical Center! http://t.co/56VxrFPRui http://t.co/TScSgAKeFg,2015-10-07 16:20:47+00:00,Tweet,False,0,0,,,Twitter Web Client,,, ,,,,,
651463929466626048,@WesternMDHealth,Employees at WMHS have the opportunity to get their flu vaccine as part of an 18-hour clinic today! http://t.co/MUAtgFcyXs,2015-10-06 18:27:59+00:00,Tweet,False,0,0,,,Twitter Web Client,,, ,,,,,
631849742624952320,@WesternMDHealth,"Tiffany Matthews, RN is selected as the winner of the WMHS Values in Action Award for the month of August! Congratulations, Tiffany!",2015-08-13 15:28:12+00:00,Tweet,False,0,0,,,Twitter Web Client,,, ,,,,,
631091900360073216,@WesternMDHealth,"The Weight Management Support Group meets tonight at 5:30 pm in the WMHS Auditorium. No cost to attend! To register, call 240-964-8418.",2015-08-11 13:16:48+00:00,Tweet,False,0,1,,,Twitter Web Client,,, ,,,,,
628993989836951552,@WesternMDHealth,"WMHS Auxiliary’s Past Perfect Boutique open Friday, August 7, from 10 a.m. to 5 p.m. and Saturday, August 8, from 10 a.m. to 3 p.m.",2015-08-05 18:20:27+00:00,Tweet,False,0,0,,,Twitter Web Client,,, ,,,,,
626450896289972224,@WesternMDHealth,Today at WMHS - Friends and Family Auction 7am-4pm in the Auditorium http://t.co/6ISXRF0Br0 - Farmer’s Market 2-5pm in the parking garage,2015-07-29 17:55:07+00:00,Tweet,False,0,0,,,Twitter Web Client,,, ,,,,,
624664967833387008,@WesternMDHealth,Sports Physicals are available at both WMHS Urgent Care locations for only $25! http://t.co/8fSuYtqVMw,2015-07-24 19:38:28+00:00,Tweet,False,0,0,,,Twitter Web Client,,, ,,,,,
621753479376281604,@WesternMDHealth,"Congratulations to Tammy Scaife, RN, from the Operating Room - the WMHS Values in Action Award winner for July! http://t.co/AUCh53GPTc",2015-07-16 18:49:15+00:00,Tweet,False,0,0,,,Twitter Web Client,,, ,,,,,
621400051961700353,@WesternMDHealth,Last chance to complete our short survey for a chance to win $500! Follow the link! https://t.co/0UupwqgqGS http://t.co/iVgFmg0Wvx,2015-07-15 19:24:52+00:00,Tweet,False,0,0,,,Twitter Web Client,,, ,,,,,
621048982362550272,@WesternMDHealth,"WMHS has been named as one of the nation's Most Wired Hospitals for 2015 by the @ahahospitals ! Way to go, WMHS! http://t.co/HXvfxuz1fZ",2015-07-14 20:09:50+00:00,Tweet,False,1,0,,ahahospitals,Twitter Web Client,,, ,,,,,
620654661389950977,@WesternMDHealth,The Weight Management Support Group meets 7/14 at 5:30 in the Western Maryland Regional Medical Center Auditorium. http://t.co/CXBH3HZbmn,2015-07-13 18:02:57+00:00,Tweet,False,0,0,,,Twitter Web Client,,, ,,,,,
618860045988708352,@WesternMDHealth,Some of the fresh produce available at the Farmer's Market going on now! http://t.co/hePbrR1cnM,2015-07-08 19:11:47+00:00,Tweet,False,0,1,,,Twitter Web Client,,, ,,,,,
618856247324975104,@WesternMDHealth,The Grand Opening of the WMHS Farmer's Market is going on now at the Western Maryland Regional Medical Center!,2015-07-08 18:56:41+00:00,Tweet,False,0,0,,,Twitter Web Client,,, ,,,,,
618470730448150528,@WesternMDHealth,There is still time to complete our survey about healthcare at WMHS! You could win a $500 Visa Gift Card! https://t.co/0UupwqgqGS,2015-07-07 17:24:47+00:00,Tweet,False,0,0,,,Twitter Web Client,,, ,,,,,
617317545771724800,@WesternMDHealth,"Happy 4th from WMHS! If you are in need of urgent care, the Frostburg Medical Center is open today until 5pm. http://t.co/3GkibKkt7M",2015-07-04 13:02:26+00:00,Tweet,False,0,0,,,Hootsuite,,, ,,,,,
614518369929138177,@WesternMDHealth,Follow the link to complete a quick survey about WMHS for a chance to win a $500 Visa Gift Card! https://t.co/0UupwpYPii,2015-06-26 19:39:31+00:00,Tweet,False,0,0,,,Twitter Web Client,,, ,,,,,
611955492466900992,@WesternMDHealth,Red Cross Blood Drive- June 26! Follow the link for more details. http://t.co/yK1wP4B3cC,2015-06-19 17:55:33+00:00,Tweet,False,0,0,,,Twitter Web Client,,, ,,,,,
610875524341215234,@WesternMDHealth,Summer Walking Challenge starts June 21! Join the challenge and be eligible to win great prizes. #makewalkingeasy http://t.co/tZqd4E4G1F,2015-06-16 18:24:09+00:00,Tweet,False,0,0,makewalkingeasy,,Twitter Web Client,,, ,,,,,
606906581167546369,@WesternMDHealth,Tonight at Canal Place is the #RelayForLife of Allegany County from 6 to midnight! Best wishes for a successful and meaningful night to all!,2015-06-05 19:32:59+00:00,Tweet,False,0,0,RelayForLife,,Twitter Web Client,,, ,,,,,
606151081039699968,@WesternMDHealth,Pet Therapy visits are now available to patients at the Western Maryland Regional Medical Center! #pettherapy http://t.co/VKGmxOaVFY,2015-06-03 17:30:54+00:00,Tweet,False,0,1,pettherapy,,Twitter Web Client,,, ,,,,,
601803195812315137,@WesternMDHealth,Everyone is welcome to use the new bike rack at the Main Entrance of the Western Maryland Regional Medical Center! http://t.co/FLDt5vtdUQ,2015-05-22 17:33:57+00:00,Tweet,False,0,0,,,Twitter Web Client,,, ,,,,,
598854505871056896,@WesternMDHealth,"Stroke screening coming up on Monday, May 18 from 4-9pm at the Western Maryland Regional Medical Center Auditorium! http://t.co/N8UNMJoXjp",2015-05-14 14:16:55+00:00,Tweet,False,0,0,,,Twitter Web Client,,, ,,,,,
597825917386412032,@WesternMDHealth,Pet Therapy set to begin at WMHS! Casino will be in the lobby tonight from 5:30 to 6:30pm with her handler Janet. http://t.co/QCK80SBuAi,2015-05-11 18:09:40+00:00,Tweet,False,0,0,,,Twitter Web Client,,, ,,,,,
594498100183617536,@WesternMDHealth,2015 WMHS #marchforbabies team! http://t.co/DUncwmH5W4,2015-05-02 13:46:06+00:00,Tweet,False,0,0,marchforbabies,,Twitter Web Client,,, ,,,,,
594225425510969344,@WesternMDHealth,Congratulations to Leona McTaggart for being named the 2015 Pinnacle Award winner! http://t.co/HKy0aMdIGi http://t.co/OmhSAjQq9h,2015-05-01 19:42:36+00:00,Tweet,False,0,0,,,Twitter Web Client,,, ,,,,,
593470308406943744,@WesternMDHealth,The WMHS March for Babies team is gearing up for the walk this Saturday! Its not too late to join our team! http://t.co/UE9QXfghzl,2015-04-29 17:42:02+00:00,Tweet,False,0,1,,,Twitter Web Client,,, ,,,,,
591282717108625408,@WesternMDHealth,"April is National Donate Life Month! During this month, we partner with the Living Legacy Foundation and Donate Life Maryland!  #donatelife",2015-04-23 16:49:19+00:00,Tweet,False,0,0,donatelife,,Twitter Web Client,,, ,,,,,
590948937697198080,@WesternMDHealth,Please join the WMHS March for Babies team on May 2. http://t.co/UE9QXfghzl #whyiwalk #marchforbabies http://t.co/I3X9dQIPy2,2015-04-22 18:43:00+00:00,Tweet,False,0,0,"whyiwalk,marchforbabies",,Twitter Web Client,,, ,,,,,
588402015589556224,@WesternMDHealth,"Please join our team in the fight for stronger, healthier babies http://t.co/UE9QXfghzl #whyiwalk #marchforbabies http://t.co/juDLfX5jL8",2015-04-15 18:02:27+00:00,Tweet,False,0,0,"whyiwalk,marchforbabies",,Twitter Web Client,,, ,,,,,
585873544032030720,@WesternMDHealth,"Weighing just under 2lbs, Nathan was born in April '95. Join the Turley family &amp; WMHS for http://t.co/UE9QXeYGaL http://t.co/filLrsMNmX",2015-04-08 18:35:12+00:00,Tweet,False,0,0,,,Twitter Web Client,,, ,,,,,
583290065121648640,@WesternMDHealth,Noah &amp; Landon were born at 29 wks. The twins are now healthy 10 year olds. http://t.co/UE9QXfghzl  #whyiwalk http://t.co/vpHRvIJzmQ,2015-04-01 15:29:23+00:00,Tweet,False,0,0,whyiwalk,,Twitter Web Client,,, ,,,,,
578209887496323072,@WesternMDHealth,The WMHS team walks in honor of Cameron and all of their ambassadors http://t.co/UE9QXfghzl #whyiwalk #marchforbabies http://t.co/tnhUsSP4qY,2015-03-18 15:02:34+00:00,Tweet,False,0,1,"whyiwalk,marchforbabies",,Twitter Web Client,,, ,,,,,
577523594433019904,@WesternMDHealth,"I Can Cope workshop- “Learning About Cancer and Understanding Treatment”Wednesday, March 18th http://t.co/yXOh0qPuGh",2015-03-16 17:35:29+00:00,Tweet,False,0,0,,,Twitter Web Client,,, ,,,,,
575650452211134464,@WesternMDHealth,"Join Sarah, Baylee, and our March for Babies team in the fight for healthier babies.http://t.co/UE9QXfghzl  #whyiwalk http://t.co/apvBEVcniM",2015-03-11 13:32:17+00:00,Tweet,False,0,0,whyiwalk,,Twitter Web Client,,, ,,,,,
573915544166006784,@WesternMDHealth,"Current openings for Occupational Therapists, Physical Therapists and Speech-Language Pathologists. Visit http://t.co/56VxrFPRui for more.",2015-03-06 18:38:23+00:00,Tweet,False,0,0,,,Twitter Web Client,,, ,,,,,
573570409058168833,@WesternMDHealth,WMHS Community Health and Wellness invites you to participate in Run for the Health of It! http://t.co/xC4LQ8idof,2015-03-05 19:46:56+00:00,Tweet,False,0,0,,,Twitter Web Client,,, ,,,,,
565616527354130432,@WesternMDHealth,"The next ""Look Good…Feel Better” is set for Monday, February 16th at 6 pm. http://t.co/kRJrHkgL2L",2015-02-11 21:01:03+00:00,Tweet,False,0,0,,,Twitter Web Client,,, ,,,,,
502185474103201793,@WesternMDHealth,"Congratulations to Kevin Niemeyer, Biomed Engineering Tech - WMHS Values in Action Award winner for August! http://t.co/fZclhxccMG",2014-08-20 20:08:41+00:00,Tweet,False,0,0,,,Hootsuite,,, ,,,,,
501416995569815552,@WesternMDHealth,Smart Moves: A Youth Wellness Program begins September 8th! http://t.co/kCGy0qDxnK,2014-08-18 17:15:02+00:00,Tweet,False,0,0,,,Hootsuite,,, ,,,,,
497364008975220736,@WesternMDHealth,@GovernorOMalley praises WMHS during his stop at the Western Maryland Regional Medical Center http://t.co/U4rsmkqaRn,2014-08-07 12:49:54+00:00,Tweet,False,0,0,,GovernorOMalley,Hootsuite,,, ,,,,,
497086306837868544,@WesternMDHealth,RT @MarylandDHMH: Barry Ronan of @westernmdhealth &amp; @Alleganyhlthmd Health Officer Sue Raver at Governing for Results event #MDGoals http:/…,2014-08-06 18:26:25+00:00,Retweet,False,1,0,MDGoals,"MarylandDHMH,WesternMDHealth,AlleganyHlthMD",Hootsuite,,, ,,,,,
497082013309210624,@WesternMDHealth,@GovernorOMalley and @drjoshs talk to WMHS CEO @bronan at the Governing for Results event #MDGoals http://t.co/MF3klC9MAT,2014-08-06 18:09:22+00:00,Tweet,False,0,0,MDGoals,"GovernorOMalley,drJoshS,bronan",Hootsuite,,, ,,,,,
497078848128040960,@WesternMDHealth,"RT @GovernorOMalley: I'm in Cumberland today at @WesternMDHealth, talking about our efforts to reduce preventable hospitalizations &amp; contro…",2014-08-06 17:56:47+00:00,Retweet,False,9,0,,"GovernorOMalley,WesternMDHealth",Hootsuite,,, ,,,,,
497012161668214784,@WesternMDHealth,We are excited to host @GovernorOMalley today as part of his “Governing for Results” series! @drjoshs will be joining him #MDGoals,2014-08-06 13:31:48+00:00,Tweet,False,3,0,MDGoals,"GovernorOMalley,drJoshS",Hootsuite,,, ,,,,,
491945529568686080,@WesternMDHealth,"Hunt Club Medical Clinic will be closed this Friday, July 25! The clinic will reopen Saturday, July 26, during normal business hours.",2014-07-23 13:58:48+00:00,Tweet,False,0,0,,,Hootsuite,,, ,,,,,
489462626548588545,@WesternMDHealth,The Farmer’s Market is back at WMHS! Going on today from 2-5pm in the parking garage at the Western Maryland Regional Medical Center.,2014-07-16 17:32:38+00:00,Tweet,False,0,0,,,Hootsuite,,, ,,,,,
484765388744716289,@WesternMDHealth,"We are wishing everyone a safe and happy holiday! Hunt Club Medical Clinic in Short Gap, WV, will be open from 8 to 4:30 on July 4th.",2014-07-03 18:27:29+00:00,Tweet,False,0,0,,,Hootsuite,,, ,,,,,
481874609734942720,@WesternMDHealth,"The next meeting of the diabetes support group will be Tuesday, July 1 at 5:30 pm! For more information, call Lori Shaulis at 240-964-8789.",2014-06-25 19:00:34+00:00,Tweet,False,0,0,,,Hootsuite,,, ,,,,,
466218750522699776,@WesternMDHealth,"Congratulations to Jennifer Perrin, this year's Pinnacle Award Winner! http://t.co/YDGmslYS9x",2014-05-13 14:09:46+00:00,Tweet,False,0,1,,,Hootsuite,,, ,,,,,
461596911678808064,@WesternMDHealth,"Last month we kicked off our 2nd Run for the Health of it! We are excited to introduce our new blogger, Amy Campbell. http://t.co/KLeBHlWArM",2014-04-30 20:04:14+00:00,Tweet,False,0,0,,,Hootsuite,,, ,,,,,
458694935014047744,@WesternMDHealth,"Happy Earth Day from WMHS! We are constantly looking at ways to recycle more, conserve energy and resources, and reduce our amount of trash.",2014-04-22 19:52:49+00:00,Tweet,False,0,0,,,Hootsuite,,, ,,,,,
456140842454253568,@WesternMDHealth,"Congratulations to this month's Values in Action Award winner, Randy Leatherman, RN! http://t.co/OsZ3Eygxqp",2014-04-15 18:43:46+00:00,Tweet,False,0,1,,,Hootsuite,,, ,,,,,
455786627303211009,@WesternMDHealth,"Join us in welcoming a new gastroenterologist to the WMHS family! Nii Lante Lamptey-Mills, MD Is now seeing patients. http://t.co/BnU4JohMuV",2014-04-14 19:16:14+00:00,Tweet,False,0,0,,,Hootsuite,,, ,,,,,
453237093721210880,@WesternMDHealth,We hope you are enjoying our health and nutrition blog. Check out the latest post and try the great new recipes! http://t.co/pnjCkwGFP3,2014-04-07 18:25:18+00:00,Tweet,False,0,0,,,Hootsuite,,, ,,,,,
452083837863219200,@WesternMDHealth,The next Mile Movers challenge starts next month! Don’t miss this opportunity to improve your health and for a chance to win $250!...,2014-04-04 14:02:40+00:00,Tweet,False,1,0,,,Hootsuite,,, ,,,,,
451422417882472448,@WesternMDHealth,The Laboratory at WMHS was featured in the March edition of CAP Today. http://t.co/um63DXCp9f,2014-04-02 18:14:26+00:00,Tweet,False,0,1,,,Hootsuite,,, ,,,,,
430411290667139072,@WesternMDHealth,February is Heart Month! All month we are going to share tips for heart health and info about all the excellent heart care at WMHS.,2014-02-03 18:43:43+00:00,Tweet,False,0,0,,,Hootsuite,,, ,,,,,
415467352609009664,@WesternMDHealth,WMHS would like to wish everyone a safe and happy holiday!,2013-12-24 13:01:50+00:00,Tweet,False,2,1,,,Hootsuite,,, ,,,,,
415201390659895296,@WesternMDHealth,"For your convenience, both of our urgent care locations are open tomorrow, December 24. The Frostburg Medical Center is open 9am-2pm and...",2013-12-23 19:25:00+00:00,Tweet,False,1,0,,,Hootsuite,,, ,,,,,
360771348970221570,@WesternMDHealth,"Visit the WMHS Friends &amp; Family Auction on Wednesday, 7/31 and Thursday, 8/1 in the WMRMC Auditoriums. Visit http://t.co/QErW42HVeE for more",2013-07-26 14:39:27+00:00,Tweet,False,0,0,,,Twitter Web Client,,, ,,,,,
350669363633856512,@WesternMDHealth,"Jo, Patty, and Kevin have all checked in this week to our running blog!  Read about their progress at http://t.co/9Oz3LTkHzJ",2013-06-28 17:37:46+00:00,Tweet,False,0,0,,,Twitter Web Client,,, ,,,,,
347064014725070848,@WesternMDHealth,"Congrats to this month's Values in Action Award winner, Rodney Bowers! http://t.co/52mFPJSJZz",2013-06-18 18:51:23+00:00,Tweet,False,0,0,,,Twitter Web Client,,, ,,,,,
345919112402317313,@WesternMDHealth,We are excited to be a part of Preview FSU at Frostburg State University! A big welcome to the incoming students! @FrostburgState,2013-06-15 15:01:57+00:00,Tweet,False,0,1,,frostburgstate,Hootsuite,,, ,,,,,
344512887538192385,@WesternMDHealth,Have you been following the progress some of our runners are making? Check out the new posts on the blog! http://t.co/ifStIhpCdY,2013-06-11 17:54:07+00:00,Tweet,False,0,0,,,Twitter Web Client,,, ,,,,,
341618814494076929,@WesternMDHealth,New entry posted in the Run for the Health of It blog! Check it out http://t.co/URJxmqvHJu,2013-06-03 18:14:07+00:00,Tweet,False,0,0,,,Twitter Web Client,,, ,,,,,
337940199956946944,@WesternMDHealth,"The Hunt Club Medical Clinic will be OPEN on Monday, May 27th from 8 am to 6 pm for your urgent care needs. http://t.co/3DLKugbdg9",2013-05-24 14:36:36+00:00,Tweet,False,0,0,,,Twitter Web Client,,, ,,,,,
335442440645390336,@WesternMDHealth,"Last night, WMHS presented the Pinnacle Award to a very deserving employee. To find out who- follow the link! http://t.co/PYZbiCM3Re",2013-05-17 17:11:24+00:00,Tweet,False,0,0,,,Twitter Web Client,,, ,,,,,
335109532420288513,@WesternMDHealth,WMHS is forming a free Diabetes Support Group and the first meeting will be June 4th! http://t.co/fac7IYsBqg,2013-05-16 19:08:33+00:00,Tweet,False,0,0,,,Twitter Web Client,,, ,,,,,
331852407136997376,@WesternMDHealth,More dates for Grocery Store Tours are now available! http://t.co/noMM3vuaxE,2013-05-07 19:25:54+00:00,Tweet,False,0,0,,,Twitter Web Client,,, ,,,,,
331407158342189057,@WesternMDHealth,"The Western Maryland Health System salutes our nurses as we celebrate National Nurses’ Week! To all of our nurses, thanks for all you do!",2013-05-06 13:56:38+00:00,Tweet,False,0,0,,,Twitter Web Client,,, ,,,,,
328930281954369536,@WesternMDHealth,The WMHS Physician Award winners are in! Follow the link for the recipients of the Physician Recognition Awards.  http://t.co/arbnVgPcxr,2013-04-29 17:54:25+00:00,Tweet,False,0,1,,,Twitter Web Client,,, ,,,,,
327504659847725056,@WesternMDHealth,Free health check May 15 at Vista Towers Primary Care Center! http://t.co/jPm5lqdGuf,2013-04-25 19:29:30+00:00,Tweet,False,0,0,,,Twitter Web Client,,, ,,,,,
322434827829772288,@WesternMDHealth,Congrats to our Door-to-Balloon team for being selected as the MD Patient Safety Center's Minogue Award winner for Patient Safety Innovation,2013-04-11 19:43:48+00:00,Tweet,False,0,1,,,Twitter Web Client,,, ,,,,,
319448884550197248,@WesternMDHealth,Today the WMHS Auxiliary hosts Employee Appreciation Day! Cookies and punch will be served at various times throughout the day.,2013-04-03 13:58:43+00:00,Tweet,False,1,0,,,Twitter Web Client,,, ,,,,,
233644102334435328,@WesternMDHealth,Congratulations to this month’s “Values in Action” award recipient Asa Simmons!http://t.co/mGdYBvDT,2012-08-09 19:21:09+00:00,Tweet,False,0,0,,,Twitter Web Client,,, ,,,,,
232485060257923074,@WesternMDHealth,Our website has a new look and new features to serve our patients better. Visit http://t.co/s9PchcCY!,2012-08-06 14:35:32+00:00,Tweet,False,0,0,,,Twitter Web Client,,, ,,,,,
230299037402796032,@WesternMDHealth,"Thanks to the exceptional care he received at WMHS, Lyman Allen is back to the life he loves! Read more here... http://t.co/J5ACdf7F",2012-07-31 13:49:03+00:00,Tweet,False,0,0,,,Twitter Web Client,,, ,,,,,
176766788103700480,@WesternMDHealth,Feel the flu coming on? WMHS Urgent Care Centers have same-day appointments available to meet your needs. http://t.co/zvOPA43O,2012-03-05 20:31:01+00:00,Tweet,False,0,0,,,Twitter Web Client,,, ,,,,,
169522590975672320,@WesternMDHealth,Have you read the recent article in the Cumberland Times-News about the area’s recent community health assessment?http://t.co/BtIjNLsU,2012-02-14 20:45:09+00:00,Tweet,False,1,1,,,Twitter Web Client,,, ,,,,,
167712649449181184,@WesternMDHealth,2012 Foundation Scholarships Applications Available! http://t.co/L0T6Aamz,2012-02-09 20:53:06+00:00,Tweet,False,0,0,,,Twitter Web Client,,, ,,,,,
152119134069587969,@WesternMDHealth,WMHS has gone mobile! Visit http://t.co/VRa8oisO from your mobile device and let us know what you think.,2011-12-28 20:10:02+00:00,Tweet,False,0,0,,,Twitter Web Client,,, ,,,,,
147760504792809472,@WesternMDHealth,This year don’t let a cough or cold ruin your holiday! Visit one of our Urgent Care locations! http://t.co/xoI1j8TM,2011-12-16 19:30:24+00:00,Tweet,False,0,0,,,Twitter Web Client,,, ,,,,,
144863306895724544,@WesternMDHealth,WMHS Primary Care Center at South Cumberland Marketplace is now open! http://t.co/RwzqIopL,2011-12-08 19:37:58+00:00,Tweet,False,0,0,,,Twitter Web Client,,, ,,,,,
133943726593683456,@WesternMDHealth,WMHS Grocery Store Tours make front page news! http://t.co/RQptnBe3,2011-11-08 16:27:27+00:00,Tweet,False,0,0,,,Twitter Web Client,,, ,,,,,
131397352014610432,@WesternMDHealth,Follow the link for information on a free event about Diabetic Peripheral Neuropathy. http://t.co/tBGFqm9f,2011-11-01 15:49:04+00:00,Tweet,False,0,0,,,Twitter Web Client,,, ,,,,,
128485851884814336,@WesternMDHealth,Are you confused about all the choices in the supermarket?Join a Registered Dietitian for a free Grocery Store Tour http://t.co/A7hpP9IR,2011-10-24 14:59:48+00:00,Tweet,False,0,0,,,Twitter Web Client,,, ,,,,,
123841110836649984,@WesternMDHealth,Congratulations to this month’s “Values in Action” award recipient Debbie Dayton. http://t.co/oGS2f9AG,2011-10-11 19:23:16+00:00,Tweet,False,0,0,,,Twitter Web Client,,, ,,,,,
123471722316967936,@WesternMDHealth,We have expanded our services at the WMHS Outpatient Diagnostic Center! http://t.co/WsaJapMF,2011-10-10 18:55:27+00:00,Tweet,False,0,0,,,Twitter Web Client,,, ,,,,,
108257451073216512,@WesternMDHealth,"WMHS Primary Care Center at Vista Towers is NOW OPEN! To schedule an appointment, please call 240-362-7004.",2011-08-29 19:19:22+00:00,Tweet,False,0,0,,,Twitter Web Client,,, ,,,,,
105646535739572224,@WesternMDHealth,Follow the link to see a list of fiscal year 2011 accomplishments! http://t.co/xguI8nh,2011-08-22 14:24:31+00:00,Tweet,False,0,0,,,Twitter Web Client,,, ,,,,,
103098568004472832,@WesternMDHealth,"Learn more about the support program, “I Can Cope"" http://t.co/pCyAZlA",2011-08-15 13:39:48+00:00,Tweet,False,0,0,,,Twitter Web Client,,, ,,,,,
94401401068855296,@WesternMDHealth,Hear what others are saying about the superior care they recieved while at WMHS...http://t.co/2xKGgpZ,2011-07-22 13:40:22+00:00,Tweet,False,0,0,,,Twitter Web Client,,, ,,,,,
93755841282457600,@WesternMDHealth,What's the latest in hospital care? http://t.co/MvPPaar,2011-07-20 18:55:09+00:00,Tweet,False,0,0,,,Twitter Web Client,,, ,,,,,
93407976647430144,@WesternMDHealth,"Cumberland Family Fun-For-All: Saturday July 23rd, 11:30am-1pm, Constitution Park Pool area. http://t.co/dcK5VPq",2011-07-19 19:52:51+00:00,Tweet,False,0,0,,,Twitter Web Client,,, ,,,,,
93046337507045377,@WesternMDHealth,"For the safety of all WMHS patients, visitors and staff, our Access Control Program is being enhanced. Check it out! http://t.co/BSi8QRP",2011-07-18 19:55:50+00:00,Tweet,False,0,0,,,Twitter Web Client,,, ,,,,,
86528222514266112,@WesternMDHealth,"Over 1/2 of firework related injuries occur during the 4th of July week.Quite simply,enjoy fireworks by leaving it to the professionals!",2011-06-30 20:15:10+00:00,Tweet,False,0,0,,,Twitter Web Client,,, ,,,,,
86422031645675522,@WesternMDHealth,"If you are grilling this weekend, make sure to check the area for anything that could burn and to always stay with the grill when lit!",2011-06-30 13:13:12+00:00,Tweet,False,0,0,,,Twitter Web Client,,, ,,,,,
85774070653792258,@WesternMDHealth,"Tips for water safety:don't swim alone,don't consume alcoholic beverages,get out of the water immediately if you hear thunder/see lightning!",2011-06-28 18:18:26+00:00,Tweet,False,0,0,,,Twitter Web Client,,, ,,,,,
85436204274814976,@WesternMDHealth,Stay tuned this week as we post the top tips on how to have a stress free and safe celebration of our nation!,2011-06-27 19:55:53+00:00,Tweet,False,0,0,,,Twitter Web Client,,, ,,,,,
83970874205683712,@WesternMDHealth,Congratulations to this month’s “Values in Action” award recipient Bob MacMillan! Bob is a mechanic and electrician in the Facilities Dept.,2011-06-23 18:53:11+00:00,Tweet,False,0,0,,,Twitter Web Client,,, ,,,,,
83592560978833408,@WesternMDHealth,"The final results for the “Walk, Weight, and Win Big” challenge are now available! http://t.co/QwKwTqC",2011-06-22 17:49:54+00:00,Tweet,False,0,0,,,Twitter Web Client,,, ,,,,,
83183683493838848,@WesternMDHealth,"WMHS hopes that everyone enjoys the first day of summer! For sun and summer safety tips, follow the link http://t.co/JSyFq96",2011-06-21 14:45:10+00:00,Tweet,False,0,0,,,Twitter Web Client,,, ,,,,,
82880138894778368,@WesternMDHealth,WMHS Employee? Take our Employee Wellness Interest Survery! http://t.co/oS06wAC,2011-06-20 18:38:59+00:00,Tweet,False,0,0,,,Twitter Web Client,,, ,,,,,
80280307412115456,@WesternMDHealth,"For more info on ""Men's Health""... check out our new Community Health and Wellness website. http://t.co/d7dpvgU",2011-06-13 14:28:11+00:00,Tweet,False,0,0,,,Twitter Web Client,,, ,,,,,
76362980459167744,@WesternMDHealth,"“Ask the Pros!” is a free event for area men that will be held on Thurs., June 9, at the Cumberland Country Club. http://tinyurl.com/3mxfcn3",2011-06-02 19:02:07+00:00,Tweet,False,0,0,,,Twitter Web Client,,, ,,,,,
75661175576215552,@WesternMDHealth,"“Change to Win,"" a 6 week program beginning on June 7, will give you the tools to maintain a healthy weight. http://tinyurl.com/3ochl2v",2011-05-31 20:33:24+00:00,Tweet,False,0,0,,,Twitter Web Client,,, ,,,,,
66218009538207744,@WesternMDHealth,Visit our new Community Health and Wellness site for info on upcoming programs to improve your health and well-being! www.wmhs.com/wellness,2011-05-05 19:09:38+00:00,Tweet,False,0,0,,,Twitter Web Client,,, ,,,,,
45158638544883712,@WesternMDHealth,"Welcome Sailaja Malla, M.D. to the WMHS family! Dr. Malla is board-certified in family practice. http://tinyurl.com/4cdtwl5",2011-03-08 16:27:13+00:00,Tweet,False,0,0,,,Twitter Web Client,,, ,,,,,
42320278042329088,@WesternMDHealth,Round 2 results of the “Win Big by Losing” challenge are now available! http://tinyurl.com/4fr5o7m,2011-02-28 20:28:35+00:00,Tweet,False,0,0,,,Twitter Web Client,,, ,,,,,
32531678207418368,@WesternMDHealth,Round 1 results of the “Win Big by Losing” challenge are now in! Follow the link for more! http://tinyurl.com/4fr5o7m,2011-02-01 20:12:11+00:00,Tweet,False,0,0,,,Twitter Web Client,,, ,,,,,
15788013539827713,@WesternMDHealth,Volunteers needed!Click the link for information on new opportunities and your chance to become a WMHS volunteer.http://tinyurl.com/2dtnmao,2010-12-17 15:18:50+00:00,Tweet,False,0,0,,,Twitter Web Client,,, ,,,,,
2117329907359744,@WesternMDHealth,"Sending our best wishes to Debbie, a WMHS employee featured on WUSA Channel 9. http://www.wusa9.com/video/default.aspx?bctid=664913903001",2010-11-09 21:56:25+00:00,Tweet,False,1,0,,,Twitter Web Client,,, ,,,,,
28716059403,@WesternMDHealth,Round 1 results are now in! http://tinyurl.com/3a7jrkw,2010-10-25 18:45:12+00:00,Tweet,False,0,1,,,Twitter Web Client,,, ,,,,,
27768205300,@WesternMDHealth,The 2nd “Win Big by Losing” weigh-in is going on now through October 23rd! Check wmhs.com for weigh-in sites and times.,2010-10-18 20:50:36+00:00,Tweet,False,1,0,,,Twitter Web Client,,, ,,,,,
27066409385,@WesternMDHealth,Congratulations to the Mammography Department at WMHS for a “no findings” Mammography Standards Quality Act (MQSA) FDA inspection!,2010-10-11 20:29:43+00:00,Tweet,False,0,1,,,Twitter Web Client,,, ,,,,,
26111548379,@WesternMDHealth,"October is Breast Cancer Awareness month. Make a point this month to create an early detection plan. Remember, early detection saves lives!",2010-10-01 20:12:05+00:00,Tweet,False,0,0,,,Twitter Web Client,,, ,,,,,
25811778184,@WesternMDHealth,Welcome Dr. Milton Lum to the WMHS team! Dr. Lum has joined the practice of Dr. Roy Chisolm in the Medical Arts Center as a General Surgeon.,2010-09-28 19:10:22+00:00,Tweet,False,0,0,,,Twitter Web Client,,, ,,,,,
25120287299,@WesternMDHealth,"Weigh in for the ""Win Big by Losing"" challenge is this week! This challenge is for teams of two. http://tinyurl.com/3a7jrkw",2010-09-21 13:51:41+00:00,Tweet,False,0,0,,,Twitter Web Client,,, ,,,,,
23236399892,@WesternMDHealth,This week marks the 15th Anniversary of the Frostburg Nursing and Rehabilitation Center. A big thank you to all employees!Happy Anniversary!,2010-09-07 13:23:19+00:00,Tweet,False,0,0,,,Twitter Web Client,,, ,,,,,
22907300639,@WesternMDHealth,WMHS wishes everyone a safe and fun Labor Day weekend!,2010-09-03 17:44:01+00:00,Tweet,False,0,0,,,Twitter Web Client,,, ,,,,,
22641323252,@WesternMDHealth,"Are you ready to win big...by losing? The next ""Win Big by Losing"" challenge is set to begin September 19-25. http://tinyurl.com/3a7jrkw",2010-08-31 19:03:28+00:00,Tweet,False,0,0,,,Twitter Web Client,,, ,,,,,
22093591976,@WesternMDHealth,Community Health Screenings September 8th at the new Western Maryland Regional Medical Center. http://tinyurl.com/25xrqwa,2010-08-25 14:39:57+00:00,Tweet,False,0,0,,,Twitter Web Client,,, ,,,,,
20707491085,@WesternMDHealth,Hear what patients are saying about our Thoracic Surgical Services! http://tinyurl.com/26eow48,2010-08-09 13:24:49+00:00,Tweet,False,0,0,,,Twitter Web Client,,, ,,,,,
19282167782,@WesternMDHealth,Congratulations to employees celebrating 40 and 45 years of dedicated service to WMHS. http://tinyurl.com/2dlnh7v,2010-07-22 20:39:31+00:00,Tweet,False,0,0,,,Twitter Web Client,,, ,,,,,
18996197187,@WesternMDHealth,WMHS has launched a new site about our cancer services at the Schwab Family Cancer Center! www.wmhs.com/oncology,2010-07-20 14:10:06+00:00,Tweet,False,0,0,,,Twitter Web Client,,, ,,,,,
16474901667,@WesternMDHealth,Congratulations to Lori Evans from the Lab for being named the WMHS Pinnacle Award recipient for 2010.,2010-06-18 14:40:48+00:00,Tweet,False,0,0,,,Twitter Web Client,,, ,,,,,
15629444422,@WesternMDHealth,WMHS has launched a new site about the cutting edge thoracic services at the Western Maryland Regional Medical Center! www.wmhs.com/thoracic,2010-06-07 13:35:00+00:00,Tweet,False,0,0,,,Twitter Web Client,,, ,,,,,
13806608948,@WesternMDHealth,Controlling your blood pressure is an important part of stroke prevention.Visit our Health Library to learn more. http://tinyurl.com/yhz9gbt,2010-05-11 20:02:51+00:00,Tweet,False,1,0,,,Twitter Web Client,,, ,,,,,
13323860874,@WesternMDHealth,May is National Stroke Awareness Month. Follow the link to learn more about the signs of a stroke. http://tinyurl.com/34o4amt,2010-05-03 20:17:07+00:00,Tweet,False,0,0,,,Twitter Web Client,,, ,,,,,
13143406663,@WesternMDHealth,To read our Web site disclaimer follow the link http://tinyurl.com/2d94e2k,2010-04-30 18:20:11+00:00,Tweet,False,0,0,,,Twitter Web Client,,, ,,,,,
12704905229,@WesternMDHealth,"The Health Fair is tomorrow, April 24th, from 7:30 am to noon at the Western Maryland Regional Medical Center. http://tinyurl.com/y9m6yoo",2010-04-23 14:26:24+00:00,Tweet,False,1,0,,,Twitter Web Client,,, ,,,,,
12533834977,@WesternMDHealth,"Registration and weigh-in for the ""Win Big by Losing"" Challenge is going on now through April 24th http://tinyurl.com/y3kmdz2",2010-04-20 19:42:11+00:00,Tweet,False,0,0,,,Twitter Web Client,,, ,,,,,
12282858493,@WesternMDHealth,There’s something for everyone during the Community Health Fair at the Western Maryland Regional Medical Center!Visit www.wmhs.com for more!,2010-04-16 13:33:42+00:00,Tweet,False,0,0,,,Twitter Web Client,,, ,,,,,
12057155495,@WesternMDHealth,WMHS has a unique opportunity for Geriatric Nursing Assistant Candidates! Follow the link for more. http://tinyurl.com/ybfyamj,2010-04-12 17:30:26+00:00,Tweet,False,0,0,,,Twitter Web Client,,, ,,,,,
11881864667,@WesternMDHealth,The 2010 Community Health Fair is coming up on Saturday April 24th. Follow the link for more. http://tinyurl.com/y9m6yoo,2010-04-09 13:59:18+00:00,Tweet,False,0,0,,,Twitter Web Client,,, ,,,,,
11035441118,@WesternMDHealth,"The final ""U Can Dance 2"" will be held tomorrow,March 26,from 6:30-8 p.m. at the Country Club Mall Center Court. Prizes will be raffled off.",2010-03-25 14:06:11+00:00,Tweet,False,0,0,,,Twitter Web Client,,, ,,,,,
10337214354,@WesternMDHealth,"Interventional Cardiologist Chris Haas, D.O. Joins WMHS! http://tinyurl.com/yd8syp7",2010-03-11 19:58:49+00:00,Tweet,False,0,1,,,Twitter Web Client,,, ,,,,,
9977568442,@WesternMDHealth,"""U Can Dance 2"" is tomorrow, March 5, from 6:30-8:00 p.m. at the Salvation Army gym. Kids in grades 4-10 are invited to participate!",2010-03-04 15:22:13+00:00,Tweet,False,0,0,,,Twitter Web Client,,, ,,,,,
9825849965,@WesternMDHealth,"The 3rd ""Win Big by Losing"" weigh-in is going on now through March 6th. Follow the link for weigh-in details. http://tinyurl.com/yznak7m",2010-03-01 14:04:08+00:00,Tweet,False,0,0,,,Twitter Web Client,,, ,,,,,
9538904051,@WesternMDHealth,"The Outpatient Diagnostic Center on Willowbrook Road offers just-outside-the-door parking and fast, friendly service.",2010-02-23 19:23:49+00:00,Tweet,False,0,0,,,Twitter Web Client,,, ,,,,,
9294471369,@WesternMDHealth,The new Regional Medical Center offers free valet parking at the main entrance & second floor entrance from 6am - 7pm Monday through Friday.,2010-02-18 18:11:41+00:00,Tweet,False,0,0,,,Twitter Web Client,,, ,,,,,
9012225866,@WesternMDHealth,The Gift Shop offers many items for yourself or a loved one. Unable to visit? Shop online at www.wmhsshopping.com!,2010-02-12 15:11:48+00:00,Tweet,False,0,0,,,Twitter Web Client,,, ,,,,,
8856594414,@WesternMDHealth,Snow shoveling is a task that can & should be done safely.Click for tips on staying safe while shoveling.http://tinyurl.com/yf3mpsr,2010-02-09 14:35:00+00:00,Tweet,False,1,0,,,Twitter Web Client,,, ,,,,,
8637796333,@WesternMDHealth,"UPDATE: ""Win Big by Losing"" Challenge has extended weigh-ins; February 5th ""U Can Dance 2"" is cancelled. Visit wmhs.com for more details.",2010-02-04 16:14:10+00:00,Tweet,False,0,0,,,Twitter Web Client,,, ,,,,,
8368830556,@WesternMDHealth,"The 2nd weigh-in for the ""Win Big by Losing"" Challenge is set for next week. Visit our Web site for weigh-in sites and times.",2010-01-29 14:11:08+00:00,Tweet,False,0,0,,,Twitter Web Client,,, ,,,,,
8285316420,@WesternMDHealth,Come to the Community Cholesterol Screening on February 16 at the Riverside YMCA. Registration is required by calling 240-964-8418.,2010-01-27 16:40:37+00:00,Tweet,False,0,0,,,Twitter Web Client,,, ,,,,,
8194418834,@WesternMDHealth,"The Food Court is open to the public and features a variety of delicious choices like a garden fresh salad bar,pizza oven,and much more!",2010-01-25 14:58:53+00:00,Tweet,False,0,0,,,Twitter Web Client,,, ,,,,,
8029993442,@WesternMDHealth,"WMHS Occupational Health has relocated to Ames Plaza, 1050 Industrial Blvd. Their new number is 240-964-9355.",2010-01-21 15:06:49+00:00,Tweet,False,0,0,,,Twitter Web Client,,, ,,,,,
7915405581,@WesternMDHealth,The Outpatient Diagnostic Center is located just off the first roundabout on Willowbrook Rd. Click for more... http://tinyurl.com/yd3e2gt,2010-01-18 19:34:40+00:00,Tweet,False,0,0,,,Twitter Web Client,,, ,,,,,
7721162837,@WesternMDHealth,"The ""Win Big by Losing"" Challenge is officially underway.Congratulations to the 179 teams who have registered! Visit our Web site for more.",2010-01-13 20:40:38+00:00,Tweet,False,0,0,,,Twitter Web Client,,, ,,,,,
7682092595,@WesternMDHealth,WMHS has 2 urgent care centers with same-day appointments & weekend hours; Frostburg Medical Center and Hunt Club Medical Clinic.,2010-01-12 20:49:46+00:00,Tweet,False,0,0,,,Twitter Web Client,,, ,,,,,
7527777390,@WesternMDHealth,"Reminder: Tomorrow is the last day to register for the ""Win Big by Losing"" challenge. Weigh in at the Country Club Mall from 11am-12 noon.",2010-01-08 18:27:40+00:00,Tweet,False,0,0,,,Twitter Web Client,,, ,,,,,
7446309770,@WesternMDHealth,"Do u have children in grades 4 thru 10 who like to dance? ""U Can Dance 2"" is Fri., Jan 8 @ Country Club Mall. Register now http://ow.ly/TlIb",2010-01-06 16:50:31+00:00,Tweet,False,0,0,,,Twitter Web Client,,, ,,,,,
7407450542,@WesternMDHealth,"Don’t forget to register for the Win Big by Losing challenge this week. The last day to register is Saturday, January 9. http://ow.ly/SYY4",2010-01-05 16:16:27+00:00,Tweet,False,0,0,,,Twitter Web Client,,, ,,,,,
6533671672,@WesternMDHealth,Western Maryland Regional Medical Center is a Designated Areawide Trauma Center with four trauma rooms.,2009-12-10 15:09:12+00:00,Tweet,False,0,0,,,Twitter Web Client,,, ,,,,,
6469927849,@WesternMDHealth,Our #Emergency Department has been expanded and includes a new “Fast Track” system. http://ow.ly/JXCl,2009-12-08 17:51:28+00:00,Tweet,False,0,0,Emergency,,Twitter Web Client,,, ,,,,,
6339986685,@WesternMDHealth,"The new #hospital has ample parking, with free valet parking at the Main Entrance on weekdays as well as a 955-space parking garage.",2009-12-04 15:35:37+00:00,Tweet,False,0,0,hospital,,Twitter Web Client,,, ,,,,,
6020970818,@WesternMDHealth,Thank you to everyone who helped safely relocate patients from Braddock & Memorial Hospitals to the new WMRMC on Saturday http://ow.ly/Flii,2009-11-24 22:13:50+00:00,Tweet,False,0,0,,,Twitter Web Client,,, ,,,,,
5927576805,@WesternMDHealth,One Dream. One Promise. One Regional Medical Center -- now serving the tri-state area.,2009-11-21 20:40:31+00:00,Tweet,False,1,0,,,Twitter Web Client,,, ,,,,,
5927528038,@WesternMDHealth,All patients from Memorial Hospital have safely arrived at Western Maryland Regional Medical Center.,2009-11-21 20:38:20+00:00,Tweet,False,0,0,,,Twitter Web Client,,, ,,,,,
5921455134,@WesternMDHealth,All patients from Braddock Hospital have safely arrived at Western Maryland Regional Medical Center.,2009-11-21 16:04:53+00:00,Tweet,False,0,0,,,Twitter Web Client,,, ,,,,,
5917494173,@WesternMDHealth,Transition of all existing patients from Braddock Hospital to Western Maryland Regional Medical Center is underway.,2009-11-21 12:33:17+00:00,Tweet,False,0,0,,,Twitter Web Client,,, ,,,,,
5916778969,@WesternMDHealth,Western Maryland Regional Medical Center is officially open. Check back for frequent updates on the hospital transition throughout the day.,2009-11-21 11:40:16+00:00,Tweet,False,0,0,,,Twitter Web Client,,, ,,,,,
5894832585,@WesternMDHealth,We will begin admitting all patients at the new hospital this Saturday at 6 a.m. Check back tomorrow for updates on the hospital transition.,2009-11-20 17:19:24+00:00,Tweet,False,0,0,,,Twitter Web Client,,, ,,,,,
5834892848,@WesternMDHealth,"The new Western Maryland Regional Medical Center will begin admitting all patients this Saturday, November 21 at 6 a.m. http://ow.ly/Dsi3",2009-11-18 19:32:43+00:00,Tweet,False,0,0,,,Twitter Web Client,,, ,,,,,
5808911523,@WesternMDHealth,Thank you again to the Potomac and Baltimore Area Council Boy Scouts. Photos from last Saturday are on our Facebook page http://ow.ly/Dbqk,2009-11-17 22:47:00+00:00,Tweet,False,0,0,,,Twitter Web Client,,, ,,,,,
5778087949,@WesternMDHealth,Check out photos from the Ribbon Cutting Ceremony on our Facebook page http://bit.ly/3xEFWY. The new hospital will open this Saturday @ 6am.,2009-11-16 22:36:59+00:00,Tweet,False,0,0,,,Twitter Web Client,,, ,,,,,
5739735567,@WesternMDHealth,#WMHS would like to thank the Boy Scouts for their participation in a successful run-through of the new hospital Saturday. http://ow.ly/CuB7,2009-11-15 16:42:37+00:00,Tweet,False,0,0,WMHS,,Twitter Web Client,,, ,,,,,
5690658877,@WesternMDHealth,"Did you know? The new seven-floor, 585,000-square-foot #hospital took approx 3 years to build and was finished on time and under budget.",2009-11-13 20:57:21+00:00,Tweet,False,0,0,hospital,,Twitter Web Client,,, ,,,,,
5559299492,@WesternMDHealth,Thank you to everyone who attended the Public Open House on Sunday. We hope you enjoyed a sneak peek of the new state-of-the-art #hospital.,2009-11-09 14:13:25+00:00,Tweet,False,0,0,hospital,,Twitter Web Client,,, ,,,,,
5533448489,@WesternMDHealth,Public Open House of the new #hospital TODAY from 2 - 6 p.m. located at 12500 Willowbrook Road in Cumberland.,2009-11-08 15:16:15+00:00,Tweet,False,0,0,hospital,,Twitter Web Client,,, ,,,,,
5511025031,@WesternMDHealth,#WMHS Family & Friends Open House today from 9:30 - 11:30 a.m. or 1 - 5 p.m. Tours and refreshments will be served.,2009-11-07 17:49:46+00:00,Tweet,False,0,0,WMHS,,Twitter Web Client,,, ,,,,,
5488449611,@WesternMDHealth,Don't forget to join us for the Public Open House of the new #hospital this Sunday between 2 - 6 p.m. @ 12500 Willowbrook Road in Cumberland,2009-11-06 20:43:49+00:00,Tweet,False,0,0,hospital,,Twitter Web Client,,, ,,,,,
5425698597,@WesternMDHealth,"Please join us for the Public Open House of the new #hospital on Sunday, November 8 from 2 – 6 p.m. @ 12500 Willowbrook Road in Cumberland.",2009-11-04 17:42:23+00:00,Tweet,False,0,0,hospital,,Twitter Web Client,,, ,,,,,
5400444714,@WesternMDHealth,Become a fan of Western Maryland Health System on Facebook http://ow.ly/yXJ3,2009-11-03 20:14:41+00:00,Tweet,False,0,0,,,Twitter Web Client,,, ,,,,,
5399435094,@WesternMDHealth,"Western Maryland Regional Medical Center will open on Saturday, November 21 at 6 a.m. For more info, go to our Web site at www.WMHS.com.",2009-11-03 19:30:06+00:00,Tweet,False,0,0,,,Twitter Web Client,,, ,,,,,
